{"cameraMode":{"drawMode":0,"name":"Shaded","section":"Shading Mode"},"sceneLighting":true,"audioPlay":false,"sceneViewState":{"showFog":true,"showMaterialUpdate":false,"showSkybox":true,"showFlares":true,"showImageEffects":true,"showParticleSystems":true},"in2DMode":false,"pivot":{"x":14.496570587158204,"y":5.186550617218018,"z":56.595367431640628},"rotation":{"x":-0.10488544404506684,"y":-0.8666786551475525,"z":0.2055135816335678,"w":-0.44230231642723086},"size":17.721960067749025,"orthographic":false}